epoch,steps,cosine_pearson,cosine_spearman
1.0,1883,0.8103994824671144,0.7753613786894786
2.0,3766,0.8226471474329802,0.7940446812107819
3.0,5649,0.8211366697776831,0.794087714777332
4.0,7532,0.8311029454627306,0.804897332680244
5.0,9415,0.831347968439538,0.8009613474007687
